,,Mismatch Type,Position,Percent-Active,# guides,# active guides,p(X=1|Y=1),p(X=1),p(Y=1),p(Y=1|X=0)
AA,-1,AA,-1,0,41,0,0,0.008624316365,0.4591922592,0.4631869298
AC,-1,AC,-1,0,65,0,0,0.01367269668,0.4591922592,0.4655576882
AG,-1,AG,-1,0.2592592593,81,21,0.009619789281,0.01703828355,0.4591922592,0.4626578215
AT,-1,AT,-1,0,40,0,0,0.008413967186,0.4591922592,0.463088672
CA,-1,CA,-1,0,72,0,0,0.01514514093,0.4591922592,0.4662537377
CC,-1,CC,-1,0,104,0,0,0.02187631468,0.4591922592,0.4694623656
CG,-1,CG,-1,0.1071428571,28,3,0.001374255612,0.00588977703,0.4591922592,0.4612780364
CT,-1,CT,-1,0,84,0,0,0.01766933109,0.4591922592,0.4674518201
GA,-1,GA,-1,0.06944444444,72,5,0.002290426019,0.01514514093,0.4591922592,0.465185818
GC,-1,GC,-1,0.02222222222,45,1,0.0004580852038,0.009465713084,0.4591922592,0.4633680187
GT,-1,GT,-1,0.01612903226,62,1,0.0004580852038,0.01304164914,0.4591922592,0.4650468883
TA,-1,TA,-1,0,37,0,0,0.007782919647,0.4591922592,0.4627941488
TC,-1,TC,-1,0,75,0,0,0.01577618847,0.4591922592,0.4665526822
TG,-1,TG,-1,0.03896103896,77,3,0.001374255612,0.01619688683,0.4591922592,0.4661107548
TT,-1,TT,-1,0,45,0,0,0.009465713084,0.4591922592,0.463580378
rA:dA,1,"T:A,1",1,1,18,18,0.008245533669,0.003786285233,0.4591922592,0.4571368243
rA:dA,2,"T:A,2",2,0.7272727273,11,8,0.003664681631,0.002313840976,0.4591922592,0.458570525
rA:dA,3,"T:A,3",3,0.7058823529,17,12,0.005497022446,0.003575936054,0.4591922592,0.4583069453
rA:dA,4,"T:A,4",4,0.6363636364,11,7,0.003206596427,0.002313840976,0.4591922592,0.458781362
rA:dA,5,"T:A,5",5,0.3636363636,11,4,0.001832340815,0.002313840976,0.4591922592,0.4594138731
rA:dA,6,"T:A,6",6,0.7142857143,14,10,0.004580852038,0.002944888515,0.4591922592,0.4584388186
rA:dA,7,"T:A,7",7,0.4375,16,7,0.003206596427,0.003365586874,0.4591922592,0.4592655129
rA:dA,8,"T:A,8",8,0.4285714286,14,6,0.002748511223,0.002944888515,0.4591922592,0.4592827004
rA:dA,9,"T:A,9",9,0.6,15,9,0.004122766835,0.003155237695,0.4591922592,0.458746571
rA:dA,10,"T:A,10",10,0.8823529412,17,15,0.006871278058,0.003575936054,0.4591922592,0.4576736331
rA:dA,11,"T:A,11",11,0.3076923077,13,4,0.001832340815,0.002734539335,0.4591922592,0.4596076777
rA:dA,12,"T:A,12",12,0.3333333333,12,4,0.001832340815,0.002524190156,0.4591922592,0.459510755
rA:dA,13,"T:A,13",13,0.3,10,3,0.001374255612,0.002103491796,0.4591922592,0.4595278246
rA:dA,14,"T:A,14",14,0.5333333333,15,8,0.003664681631,0.003155237695,0.4591922592,0.458957586
rA:dA,15,"T:A,15",15,0.2,15,3,0.001374255612,0.003155237695,0.4591922592,0.4600126609
rA:dA,16,"T:A,16",16,0,13,0,0,0.002734539335,0.4591922592,0.4604513816
rA:dA,17,"T:A,17",17,0.1333333333,15,2,0.0009161704077,0.003155237695,0.4591922592,0.4602236759
rA:dA,18,"T:A,18",18,0.5,16,8,0.003664681631,0.003365586874,0.4591922592,0.4590544534
rA:dA,19,"T:A,19",19,0.5384615385,13,7,0.003206596427,0.002734539335,0.4591922592,0.4589748998
rA:dA,20,"T:A,20",20,0.6,10,6,0.002748511223,0.002103491796,0.4591922592,0.4588954469
rA:dC,1,"G:A,1",1,1,23,23,0.01053595969,0.004838031132,0.4591922592,0.4565630945
rA:dC,2,"G:A,2",2,0.8,25,20,0.009161704077,0.005258729491,0.4591922592,0.4573905688
rA:dC,3,"G:A,3",3,0.6111111111,18,11,0.005038937242,0.003786285233,0.4591922592,0.4586148649
rA:dC,4,"G:A,4",4,0.625,16,10,0.004580852038,0.003365586874,0.4591922592,0.4586323343
rA:dC,5,"G:A,5",5,0.72,25,18,0.008245533669,0.005258729491,0.4591922592,0.4578134912
rA:dC,6,"G:A,6",6,0.7142857143,14,10,0.004580852038,0.002944888515,0.4591922592,0.4584388186
rA:dC,7,"G:A,7",7,0.7058823529,17,12,0.005497022446,0.003575936054,0.4591922592,0.4583069453
rA:dC,8,"G:A,8",8,0.7333333333,15,11,0.005038937242,0.003155237695,0.4591922592,0.458324541
rA:dC,9,"G:A,9",9,0.6666666667,21,14,0.006413192854,0.004417332772,0.4591922592,0.4582717093
rA:dC,10,"G:A,10",10,0.5555555556,18,10,0.004580852038,0.003786285233,0.4591922592,0.4588260135
rA:dC,11,"G:A,11",11,0.65,20,13,0.00595510765,0.004206983593,0.4591922592,0.4583861428
rA:dC,12,"G:A,12",12,0.7222222222,18,13,0.00595510765,0.003786285233,0.4591922592,0.4581925676
rA:dC,13,"G:A,13",13,0.652173913,23,15,0.006871278058,0.004838031132,0.4591922592,0.4582540689
rA:dC,14,"G:A,14",14,0.4666666667,15,7,0.003206596427,0.003155237695,0.4591922592,0.459168601
rA:dC,15,"G:A,15",15,0.65,20,13,0.00595510765,0.004206983593,0.4591922592,0.4583861428
rA:dC,16,"G:A,16",16,0.1923076923,26,5,0.002290426019,0.005469078671,0.4591922592,0.4606598985
rA:dC,17,"G:A,17",17,0.1764705882,17,3,0.001374255612,0.003575936054,0.4591922592,0.460206882
rA:dC,18,"G:A,18",18,0.4,15,6,0.002748511223,0.003155237695,0.4591922592,0.459379616
rA:dC,19,"G:A,19",19,0.375,16,6,0.002748511223,0.003365586874,0.4591922592,0.4594765724
rA:dC,20,"G:A,20",20,0.7647058824,17,13,0.00595510765,0.003575936054,0.4591922592,0.4580958413
rA:dG,1,"C:A,1",1,0.8571428571,14,12,0.005497022446,0.002944888515,0.4591922592,0.4580168776
rA:dG,2,"C:A,2",2,0.7857142857,14,11,0.005038937242,0.002944888515,0.4591922592,0.4582278481
rA:dG,3,"C:A,3",3,0.4285714286,14,6,0.002748511223,0.002944888515,0.4591922592,0.4592827004
rA:dG,4,"C:A,4",4,0.3529411765,17,6,0.002748511223,0.003575936054,0.4591922592,0.4595735698
rA:dG,5,"C:A,5",5,0.5,14,7,0.003206596427,0.002944888515,0.4591922592,0.45907173
rA:dG,6,"C:A,6",6,0.4545454545,22,10,0.004580852038,0.004627681952,0.4591922592,0.4592138631
rA:dG,7,"C:A,7",7,0.4375,16,7,0.003206596427,0.003365586874,0.4591922592,0.4592655129
rA:dG,8,"C:A,8",8,0.4285714286,14,6,0.002748511223,0.002944888515,0.4591922592,0.4592827004
rA:dG,9,"C:A,9",9,0.5714285714,14,8,0.003664681631,0.002944888515,0.4591922592,0.4588607595
rA:dG,10,"C:A,10",10,0.3333333333,15,5,0.002290426019,0.003155237695,0.4591922592,0.4595906309
rA:dG,11,"C:A,11",11,0.4,15,6,0.002748511223,0.003155237695,0.4591922592,0.459379616
rA:dG,12,"C:A,12",12,0.2631578947,19,5,0.002290426019,0.003996634413,0.4591922592,0.4599788807
rA:dG,13,"C:A,13",13,0.2105263158,19,4,0.001832340815,0.003996634413,0.4591922592,0.4601900739
rA:dG,14,"C:A,14",14,0.2142857143,14,3,0.001374255612,0.002944888515,0.4591922592,0.4599156118
rA:dG,15,"C:A,15",15,0.2727272727,11,3,0.001374255612,0.002313840976,0.4591922592,0.4596247101
rA:dG,16,"C:A,16",16,0,15,0,0,0.003155237695,0.4591922592,0.4606457058
rA:dG,17,"C:A,17",17,0.1764705882,17,3,0.001374255612,0.003575936054,0.4591922592,0.460206882
rA:dG,18,"C:A,18",18,0.1904761905,21,4,0.001832340815,0.004417332772,0.4591922592,0.4603845341
rA:dG,19,"C:A,19",19,0.2068965517,29,6,0.002748511223,0.00610012621,0.4591922592,0.4607407407
rA:dG,20,"C:A,20",20,0.2272727273,22,5,0.002290426019,0.004627681952,0.4591922592,0.4602704987
rC:dA,1,"T:C,1",1,1,17,17,0.007787448465,0.003575936054,0.4591922592,0.457251425
rC:dA,2,"T:C,2",2,0.9090909091,11,10,0.004580852038,0.002313840976,0.4591922592,0.4581488509
rC:dA,3,"T:C,3",3,0.6875,16,11,0.005038937242,0.003365586874,0.4591922592,0.4584212748
rC:dA,4,"T:C,4",4,0.8,10,8,0.003664681631,0.002103491796,0.4591922592,0.4584738617
rC:dA,5,"T:C,5",5,0.6363636364,11,7,0.003206596427,0.002313840976,0.4591922592,0.458781362
rC:dA,6,"T:C,6",6,0.9285714286,14,13,0.00595510765,0.002944888515,0.4591922592,0.4578059072
rC:dA,7,"T:C,7",7,0.8125,16,13,0.00595510765,0.003365586874,0.4591922592,0.4579991558
rC:dA,8,"T:C,8",8,0.875,16,14,0.006413192854,0.003365586874,0.4591922592,0.4577880962
rC:dA,9,"T:C,9",9,0.875,16,14,0.006413192854,0.003365586874,0.4591922592,0.4577880962
rC:dA,10,"T:C,10",10,0.9411764706,17,16,0.007329363262,0.003575936054,0.4591922592,0.457462529
rC:dA,11,"T:C,11",11,0.3076923077,13,4,0.001832340815,0.002734539335,0.4591922592,0.4596076777
rC:dA,12,"T:C,12",12,0.5384615385,13,7,0.003206596427,0.002734539335,0.4591922592,0.4589748998
rC:dA,13,"T:C,13",13,0.7,10,7,0.003206596427,0.002103491796,0.4591922592,0.4586846543
rC:dA,14,"T:C,14",14,0.7333333333,15,11,0.005038937242,0.003155237695,0.4591922592,0.458324541
rC:dA,15,"T:C,15",15,0.06666666667,15,1,0.0004580852038,0.003155237695,0.4591922592,0.4604346909
rC:dA,16,"T:C,16",16,0.3076923077,13,4,0.001832340815,0.002734539335,0.4591922592,0.4596076777
rC:dA,17,"T:C,17",17,0.4666666667,15,7,0.003206596427,0.003155237695,0.4591922592,0.459168601
rC:dA,18,"T:C,18",18,0.6428571429,14,9,0.004122766835,0.002944888515,0.4591922592,0.458649789
rC:dA,19,"T:C,19",19,0.4615384615,13,6,0.002748511223,0.002734539335,0.4591922592,0.4591858258
rC:dA,20,"T:C,20",20,0.3,10,3,0.001374255612,0.002103491796,0.4591922592,0.4595278246
rC:dC,1,"G:C,1",1,0.9130434783,23,21,0.009619789281,0.004838031132,0.4591922592,0.4569858381
rC:dC,2,"G:C,2",2,0.6956521739,23,16,0.007329363262,0.004838031132,0.4591922592,0.4580426971
rC:dC,3,"G:C,3",3,0.5,18,9,0.004122766835,0.003786285233,0.4591922592,0.4590371622
rC:dC,4,"G:C,4",4,0.5,16,8,0.003664681631,0.003365586874,0.4591922592,0.4590544534
rC:dC,5,"G:C,5",5,0.6,25,15,0.006871278058,0.005258729491,0.4591922592,0.4584478748
rC:dC,6,"G:C,6",6,0.5,14,7,0.003206596427,0.002944888515,0.4591922592,0.45907173
rC:dC,7,"G:C,7",7,0.4705882353,17,8,0.003664681631,0.003575936054,0.4591922592,0.4591513616
rC:dC,8,"G:C,8",8,0.6428571429,14,9,0.004122766835,0.002944888515,0.4591922592,0.458649789
rC:dC,9,"G:C,9",9,0.619047619,21,13,0.00595510765,0.004417332772,0.4591922592,0.4584829918
rC:dC,10,"G:C,10",10,0.3888888889,18,7,0.003206596427,0.003786285233,0.4591922592,0.4594594595
rC:dC,11,"G:C,11",11,0.25,20,5,0.002290426019,0.004206983593,0.4591922592,0.4600760456
rC:dC,12,"G:C,12",12,0.4444444444,18,8,0.003664681631,0.003786285233,0.4591922592,0.4592483108
rC:dC,13,"G:C,13",13,0.1363636364,22,3,0.001374255612,0.004627681952,0.4591922592,0.460693153
rC:dC,14,"G:C,14",14,0,15,0,0,0.003155237695,0.4591922592,0.4606457058
rC:dC,15,"G:C,15",15,0.05,20,1,0.0004580852038,0.004206983593,0.4591922592,0.460920997
rC:dC,16,"G:C,16",16,0.1538461538,26,4,0.001832340815,0.005469078671,0.4591922592,0.4608714044
rC:dC,17,"G:C,17",17,0.05882352941,17,1,0.0004580852038,0.003575936054,0.4591922592,0.4606290901
rC:dC,18,"G:C,18",18,0.1333333333,15,2,0.0009161704077,0.003155237695,0.4591922592,0.4602236759
rC:dC,19,"G:C,19",19,0.125,16,2,0.0009161704077,0.003365586874,0.4591922592,0.4603208105
rC:dC,20,"G:C,20",20,0.05882352941,17,1,0.0004580852038,0.003575936054,0.4591922592,0.4606290901
rC:dT,1,"A:C,1",1,1,10,10,0.004580852038,0.002103491796,0.4591922592,0.4580522766
rC:dT,2,"A:C,2",2,0.7272727273,11,8,0.003664681631,0.002313840976,0.4591922592,0.458570525
rC:dT,3,"A:C,3",3,0.8666666667,15,13,0.00595510765,0.003155237695,0.4591922592,0.4579025111
rC:dT,4,"A:C,4",4,0.8421052632,19,16,0.007329363262,0.003996634413,0.4591922592,0.457655755
rC:dT,5,"A:C,5",5,0.5714285714,14,8,0.003664681631,0.002944888515,0.4591922592,0.4588607595
rC:dT,6,"A:C,6",6,0.9285714286,14,13,0.00595510765,0.002944888515,0.4591922592,0.4578059072
rC:dT,7,"A:C,7",7,0.75,16,12,0.005497022446,0.003365586874,0.4591922592,0.4582102153
rC:dT,8,"A:C,8",8,0.65,20,13,0.00595510765,0.004206983593,0.4591922592,0.4583861428
rC:dT,9,"A:C,9",9,0.8571428571,14,12,0.005497022446,0.002944888515,0.4591922592,0.4580168776
rC:dT,10,"A:C,10",10,0.8666666667,15,13,0.00595510765,0.003155237695,0.4591922592,0.4579025111
rC:dT,11,"A:C,11",11,0.75,16,12,0.005497022446,0.003365586874,0.4591922592,0.4582102153
rC:dT,12,"A:C,12",12,0.7142857143,14,10,0.004580852038,0.002944888515,0.4591922592,0.4584388186
rC:dT,13,"A:C,13",13,0.3846153846,13,5,0.002290426019,0.002734539335,0.4591922592,0.4593967517
rC:dT,14,"A:C,14",14,0.35,20,7,0.003206596427,0.004206983593,0.4591922592,0.4596535699
rC:dT,15,"A:C,15",15,0.2222222222,18,4,0.001832340815,0.003786285233,0.4591922592,0.4600929054
rC:dT,16,"A:C,16",16,1,10,10,0.004580852038,0.002103491796,0.4591922592,0.4580522766
rC:dT,17,"A:C,17",17,0.4666666667,15,7,0.003206596427,0.003155237695,0.4591922592,0.459168601
rC:dT,18,"A:C,18",18,0.5384615385,13,7,0.003206596427,0.002734539335,0.4591922592,0.4589748998
rC:dT,19,"A:C,19",19,0.4285714286,7,3,0.001374255612,0.001472444257,0.4591922592,0.4592374131
rC:dT,20,"A:C,20",20,0.5,16,8,0.003664681631,0.003365586874,0.4591922592,0.4590544534
rG:dA,1,"T:G,1",1,1,17,17,0.007787448465,0.003575936054,0.4591922592,0.457251425
rG:dA,2,"T:G,2",2,0.6363636364,11,7,0.003206596427,0.002313840976,0.4591922592,0.458781362
rG:dA,3,"T:G,3",3,0.5,16,8,0.003664681631,0.003365586874,0.4591922592,0.4590544534
rG:dA,4,"T:G,4",4,0.3636363636,11,4,0.001832340815,0.002313840976,0.4591922592,0.4594138731
rG:dA,5,"T:G,5",5,0.3,10,3,0.001374255612,0.002103491796,0.4591922592,0.4595278246
rG:dA,6,"T:G,6",6,0.6666666667,12,8,0.003664681631,0.002524190156,0.4591922592,0.458667229
rG:dA,7,"T:G,7",7,0.5714285714,14,8,0.003664681631,0.002944888515,0.4591922592,0.4588607595
rG:dA,8,"T:G,8",8,0.625,16,10,0.004580852038,0.003365586874,0.4591922592,0.4586323343
rG:dA,9,"T:G,9",9,0.5333333333,15,8,0.003664681631,0.003155237695,0.4591922592,0.458957586
rG:dA,10,"T:G,10",10,0.8125,16,13,0.00595510765,0.003365586874,0.4591922592,0.4579991558
rG:dA,11,"T:G,11",11,0.3846153846,13,5,0.002290426019,0.002734539335,0.4591922592,0.4593967517
rG:dA,12,"T:G,12",12,0.3846153846,13,5,0.002290426019,0.002734539335,0.4591922592,0.4593967517
rG:dA,13,"T:G,13",13,0.3,10,3,0.001374255612,0.002103491796,0.4591922592,0.4595278246
rG:dA,14,"T:G,14",14,0.2666666667,15,4,0.001832340815,0.003155237695,0.4591922592,0.4598016459
rG:dA,15,"T:G,15",15,0.1428571429,14,2,0.0009161704077,0.002944888515,0.4591922592,0.4601265823
rG:dA,16,"T:G,16",16,0,13,0,0,0.002734539335,0.4591922592,0.4604513816
rG:dA,17,"T:G,17",17,0.25,16,4,0.001832340815,0.003365586874,0.4591922592,0.4598986914
rG:dA,18,"T:G,18",18,0.6666666667,15,10,0.004580852038,0.003155237695,0.4591922592,0.458535556
rG:dA,19,"T:G,19",19,0.6666666667,12,8,0.003664681631,0.002524190156,0.4591922592,0.458667229
rG:dA,20,"T:G,20",20,0.7,10,7,0.003206596427,0.002103491796,0.4591922592,0.4586846543
rG:dG,1,"C:G,1",1,0.7142857143,14,10,0.004580852038,0.002944888515,0.4591922592,0.4584388186
rG:dG,2,"C:G,2",2,0.6923076923,13,9,0.004122766835,0.002734539335,0.4591922592,0.4585530479
rG:dG,3,"C:G,3",3,0.3846153846,13,5,0.002290426019,0.002734539335,0.4591922592,0.4593967517
rG:dG,4,"C:G,4",4,0.5294117647,17,9,0.004122766835,0.003575936054,0.4591922592,0.4589402575
rG:dG,5,"C:G,5",5,0.7857142857,14,11,0.005038937242,0.002944888515,0.4591922592,0.4582278481
rG:dG,6,"C:G,6",6,0.6818181818,22,15,0.006871278058,0.004627681952,0.4591922592,0.4581572274
rG:dG,7,"C:G,7",7,0.6875,16,11,0.005038937242,0.003365586874,0.4591922592,0.4584212748
rG:dG,8,"C:G,8",8,0.6153846154,13,8,0.003664681631,0.002734539335,0.4591922592,0.4587639738
rG:dG,9,"C:G,9",9,0.5384615385,13,7,0.003206596427,0.002734539335,0.4591922592,0.4589748998
rG:dG,10,"C:G,10",10,0.4,15,6,0.002748511223,0.003155237695,0.4591922592,0.459379616
rG:dG,11,"C:G,11",11,0.4285714286,14,6,0.002748511223,0.002944888515,0.4591922592,0.4592827004
rG:dG,12,"C:G,12",12,0.5294117647,17,9,0.004122766835,0.003575936054,0.4591922592,0.4589402575
rG:dG,13,"C:G,13",13,0.4210526316,19,8,0.003664681631,0.003996634413,0.4591922592,0.459345301
rG:dG,14,"C:G,14",14,0.4285714286,14,6,0.002748511223,0.002944888515,0.4591922592,0.4592827004
rG:dG,15,"C:G,15",15,0.2727272727,11,3,0.001374255612,0.002313840976,0.4591922592,0.4596247101
rG:dG,16,"C:G,16",16,0,15,0,0,0.003155237695,0.4591922592,0.4606457058
rG:dG,17,"C:G,17",17,0.2352941176,17,4,0.001832340815,0.003575936054,0.4591922592,0.4599957779
rG:dG,18,"C:G,18",18,0.4761904762,21,10,0.004580852038,0.004417332772,0.4591922592,0.4591168392
rG:dG,19,"C:G,19",19,0.4482758621,29,13,0.00595510765,0.00610012621,0.4591922592,0.4592592593
rG:dG,20,"C:G,20",20,0.4285714286,21,9,0.004122766835,0.004417332772,0.4591922592,0.4593281217
rG:dT,1,"A:G,1",1,0.9,10,9,0.004122766835,0.002103491796,0.4591922592,0.4582630691
rG:dT,2,"A:G,2",2,0.8461538462,13,11,0.005038937242,0.002734539335,0.4591922592,0.458131196
rG:dT,3,"A:G,3",3,0.75,16,12,0.005497022446,0.003365586874,0.4591922592,0.4582102153
rG:dT,4,"A:G,4",4,0.9,20,18,0.008245533669,0.004206983593,0.4591922592,0.4573299535
rG:dT,5,"A:G,5",5,0.8666666667,15,13,0.00595510765,0.003155237695,0.4591922592,0.4579025111
rG:dT,6,"A:G,6",6,1,11,11,0.005038937242,0.002313840976,0.4591922592,0.4579380139
rG:dT,7,"A:G,7",7,1,15,15,0.006871278058,0.003155237695,0.4591922592,0.4574804811
rG:dT,8,"A:G,8",8,1,20,20,0.009161704077,0.004206983593,0.4591922592,0.4569074778
rG:dT,9,"A:G,9",9,0.6428571429,14,9,0.004122766835,0.002944888515,0.4591922592,0.458649789
rG:dT,10,"A:G,10",10,0.9333333333,15,14,0.006413192854,0.003155237695,0.4591922592,0.4576914961
rG:dT,11,"A:G,11",11,1,14,14,0.006413192854,0.002944888515,0.4591922592,0.4575949367
rG:dT,12,"A:G,12",12,0.9333333333,15,14,0.006413192854,0.003155237695,0.4591922592,0.4576914961
rG:dT,13,"A:G,13",13,0.9230769231,13,12,0.005497022446,0.002734539335,0.4591922592,0.45792027
rG:dT,14,"A:G,14",14,0.75,20,15,0.006871278058,0.004206983593,0.4591922592,0.4579636671
rG:dT,15,"A:G,15",15,0.9411764706,17,16,0.007329363262,0.003575936054,0.4591922592,0.457462529
rG:dT,16,"A:G,16",16,1,10,10,0.004580852038,0.002103491796,0.4591922592,0.4580522766
rG:dT,17,"A:G,17",17,0.9333333333,15,14,0.006413192854,0.003155237695,0.4591922592,0.4576914961
rG:dT,18,"A:G,18",18,0.6923076923,13,9,0.004122766835,0.002734539335,0.4591922592,0.4585530479
rG:dT,19,"A:G,19",19,0.7142857143,7,5,0.002290426019,0.001472444257,0.4591922592,0.4588160944
rG:dT,20,"A:G,20",20,0.9375,16,15,0.006871278058,0.003365586874,0.4591922592,0.4575770367
rU:dC,1,"G:T,1",1,0.9565217391,23,22,0.01007787448,0.004838031132,0.4591922592,0.4567744663
rU:dC,2,"G:T,2",2,0.84,25,21,0.009619789281,0.005258729491,0.4591922592,0.4571791076
rU:dC,3,"G:T,3",3,0.5,18,9,0.004122766835,0.003786285233,0.4591922592,0.4590371622
rU:dC,4,"G:T,4",4,0.625,16,10,0.004580852038,0.003365586874,0.4591922592,0.4586323343
rU:dC,5,"G:T,5",5,0.64,25,16,0.007329363262,0.005258729491,0.4591922592,0.4582364136
rU:dC,6,"G:T,6",6,0.5714285714,14,8,0.003664681631,0.002944888515,0.4591922592,0.4588607595
rU:dC,7,"G:T,7",7,0.5882352941,17,10,0.004580852038,0.003575936054,0.4591922592,0.4587291535
rU:dC,8,"G:T,8",8,0.7333333333,15,11,0.005038937242,0.003155237695,0.4591922592,0.458324541
rU:dC,9,"G:T,9",9,0.619047619,21,13,0.00595510765,0.004417332772,0.4591922592,0.4584829918
rU:dC,10,"G:T,10",10,0.5,18,9,0.004122766835,0.003786285233,0.4591922592,0.4590371622
rU:dC,11,"G:T,11",11,0.4,20,8,0.003664681631,0.004206983593,0.4591922592,0.4594423321
rU:dC,12,"G:T,12",12,0.5,18,9,0.004122766835,0.003786285233,0.4591922592,0.4590371622
rU:dC,13,"G:T,13",13,0.2608695652,23,6,0.002748511223,0.004838031132,0.4591922592,0.4601564151
rU:dC,14,"G:T,14",14,0,15,0,0,0.003155237695,0.4591922592,0.4606457058
rU:dC,15,"G:T,15",15,0.05,20,1,0.0004580852038,0.004206983593,0.4591922592,0.460920997
rU:dC,16,"G:T,16",16,0.3461538462,26,9,0.004122766835,0.005469078671,0.4591922592,0.4598138748
rU:dC,17,"G:T,17",17,0.1176470588,17,2,0.0009161704077,0.003575936054,0.4591922592,0.4604179861
rU:dC,18,"G:T,18",18,0.3333333333,15,5,0.002290426019,0.003155237695,0.4591922592,0.4595906309
rU:dC,19,"G:T,19",19,0.25,16,4,0.001832340815,0.003365586874,0.4591922592,0.4598986914
rU:dC,20,"G:T,20",20,0.1764705882,17,3,0.001374255612,0.003575936054,0.4591922592,0.460206882
rU:dG,1,"C:T,1",1,0.8571428571,14,12,0.005497022446,0.002944888515,0.4591922592,0.4580168776
rU:dG,2,"C:T,2",2,0.8571428571,14,12,0.005497022446,0.002944888515,0.4591922592,0.4580168776
rU:dG,3,"C:T,3",3,0.4285714286,14,6,0.002748511223,0.002944888515,0.4591922592,0.4592827004
rU:dG,4,"C:T,4",4,0.6470588235,17,11,0.005038937242,0.003575936054,0.4591922592,0.4585180494
rU:dG,5,"C:T,5",5,1,14,14,0.006413192854,0.002944888515,0.4591922592,0.4575949367
rU:dG,6,"C:T,6",6,0.9090909091,22,20,0.009161704077,0.004627681952,0.4591922592,0.4571005917
rU:dG,7,"C:T,7",7,0.6875,16,11,0.005038937242,0.003365586874,0.4591922592,0.4584212748
rU:dG,8,"C:T,8",8,1,14,14,0.006413192854,0.002944888515,0.4591922592,0.4575949367
rU:dG,9,"C:T,9",9,0.9230769231,13,12,0.005497022446,0.002734539335,0.4591922592,0.45792027
rU:dG,10,"C:T,10",10,0.5333333333,15,8,0.003664681631,0.003155237695,0.4591922592,0.458957586
rU:dG,11,"C:T,11",11,0.6666666667,15,10,0.004580852038,0.003155237695,0.4591922592,0.458535556
rU:dG,12,"C:T,12",12,0.9473684211,19,18,0.008245533669,0.003996634413,0.4591922592,0.4572333685
rU:dG,13,"C:T,13",13,0.7894736842,19,15,0.006871278058,0.003996634413,0.4591922592,0.4578669483
rU:dG,14,"C:T,14",14,0.2857142857,14,4,0.001832340815,0.002944888515,0.4591922592,0.4597046414
rU:dG,15,"C:T,15",15,0.2727272727,11,3,0.001374255612,0.002313840976,0.4591922592,0.4596247101
rU:dG,16,"C:T,16",16,0.6666666667,15,10,0.004580852038,0.003155237695,0.4591922592,0.458535556
rU:dG,17,"C:T,17",17,0.7058823529,17,12,0.005497022446,0.003575936054,0.4591922592,0.4583069453
rU:dG,18,"C:T,18",18,0.4285714286,21,9,0.004122766835,0.004417332772,0.4591922592,0.4593281217
rU:dG,19,"C:T,19",19,0.275862069,29,8,0.003664681631,0.00610012621,0.4591922592,0.4603174603
rU:dG,20,"C:T,20",20,0.09090909091,22,2,0.0009161704077,0.004627681952,0.4591922592,0.4609044801
rU:dT,1,"A:T,1",1,1,9,9,0.004122766835,0.001893142617,0.4591922592,0.458166491
rU:dT,2,"A:T,2",2,0.8461538462,13,11,0.005038937242,0.002734539335,0.4591922592,0.458131196
rU:dT,3,"A:T,3",3,0.7142857143,14,10,0.004580852038,0.002944888515,0.4591922592,0.4584388186
rU:dT,4,"A:T,4",4,0.4761904762,21,10,0.004580852038,0.004417332772,0.4591922592,0.4591168392
rU:dT,5,"A:T,5",5,0.5,14,7,0.003206596427,0.002944888515,0.4591922592,0.45907173
rU:dT,6,"A:T,6",6,0.8666666667,15,13,0.00595510765,0.003155237695,0.4591922592,0.4579025111
rU:dT,7,"A:T,7",7,0.875,16,14,0.006413192854,0.003365586874,0.4591922592,0.4577880962
rU:dT,8,"A:T,8",8,0.8,20,16,0.007329363262,0.004206983593,0.4591922592,0.4577524292
rU:dT,9,"A:T,9",9,0.9285714286,14,13,0.00595510765,0.002944888515,0.4591922592,0.4578059072
rU:dT,10,"A:T,10",10,0.8571428571,14,12,0.005497022446,0.002944888515,0.4591922592,0.4580168776
rU:dT,11,"A:T,11",11,0.75,16,12,0.005497022446,0.003365586874,0.4591922592,0.4582102153
rU:dT,12,"A:T,12",12,0.8,15,12,0.005497022446,0.003155237695,0.4591922592,0.4581135261
rU:dT,13,"A:T,13",13,0.6923076923,13,9,0.004122766835,0.002734539335,0.4591922592,0.4585530479
rU:dT,14,"A:T,14",14,0.619047619,21,13,0.00595510765,0.004417332772,0.4591922592,0.4584829918
rU:dT,15,"A:T,15",15,0.5789473684,19,11,0.005038937242,0.003996634413,0.4591922592,0.4587117212
rU:dT,16,"A:T,16",16,0.9090909091,11,10,0.004580852038,0.002313840976,0.4591922592,0.4581488509
rU:dT,17,"A:T,17",17,0.5333333333,15,8,0.003664681631,0.003155237695,0.4591922592,0.458957586
rU:dT,18,"A:T,18",18,0.6666666667,12,8,0.003664681631,0.002524190156,0.4591922592,0.458667229
rU:dT,19,"A:T,19",19,0.2857142857,7,2,0.0009161704077,0.001472444257,0.4591922592,0.4594480725
rU:dT,20,"A:T,20",20,0.5625,16,9,0.004122766835,0.003365586874,0.4591922592,0.4588433938